ApplicantIncome,CoapplicantIncome,Credit_History,Dependents,Education,Gender,LoanAmount,Loan_Amount_Term,Loan_Status,Married,Property_Area,Self_Employed,LoanAmount_log,Loan_Amount_Term_log,TotalIncome,TotalIncome_log
5849,0.0,1.0,0,0,1,142.51153039832286,360.0,1,0,2,0,4.959422911511207,5.886104031450156,5849.0,8.674025985443025
4583,1508.0,1.0,1,0,1,128.0,360.0,0,1,0,0,4.852030263919617,5.886104031450156,6091.0,8.714567550836485
3000,0.0,1.0,0,0,1,66.0,360.0,1,1,2,1,4.189654742026425,5.886104031450156,3000.0,8.006367567650246
2583,2358.0,1.0,0,1,1,120.0,360.0,1,1,2,0,4.787491742782046,5.886104031450156,4941.0,8.50532301884575
6000,0.0,1.0,0,0,1,141.0,360.0,1,0,2,0,4.948759890378168,5.886104031450156,6000.0,8.699514748210191
5417,4196.0,1.0,2,0,1,267.0,360.0,1,1,2,1,5.58724865840025,5.886104031450156,9613.0,9.170871628065816
2333,1516.0,1.0,0,1,1,95.0,360.0,1,1,2,0,4.553876891600541,5.886104031450156,3849.0,8.255568653283746
3036,2504.0,0.0,3,0,1,158.0,360.0,0,1,1,0,5.062595033026967,5.886104031450156,5540.0,8.61974977974133
4006,1526.0,1.0,2,0,1,168.0,360.0,1,1,2,0,5.123963979403259,5.886104031450156,5532.0,8.61830469278465
12841,10968.0,1.0,1,0,1,349.0,360.0,0,1,1,0,5.855071922202427,5.886104031450156,23809.0,10.077818939438902
3200,700.0,1.0,2,0,1,70.0,360.0,1,1,2,0,4.248495242049359,5.886104031450156,3900.0,8.268731832117737
2500,1840.0,1.0,2,0,1,109.0,360.0,1,1,2,0,4.6913478822291435,5.886104031450156,4340.0,8.375629627094451
3073,8106.0,1.0,2,0,1,200.0,360.0,1,1,2,0,5.298317366548036,5.886104031450156,11179.0,9.321792297270326
1853,2840.0,1.0,0,0,1,114.0,360.0,0,0,0,0,4.736198448394496,5.886104031450156,4693.0,8.453827315794417
1299,1086.0,1.0,2,0,1,17.0,120.0,1,1,2,0,2.833213344056216,4.787491742782046,2385.0,7.776954403322442
4950,0.0,1.0,0,0,1,125.0,360.0,1,0,2,0,4.8283137373023015,5.886104031450156,4950.0,8.507142855562735
3596,0.0,1.0,1,1,1,100.0,240.0,1,0,2,0,4.605170185988092,5.480638923341991,3596.0,8.18757739559151
3510,0.0,0.0,0,0,0,76.0,360.0,0,0,2,0,4.330733340286331,5.886104031450156,3510.0,8.163371316459912
4887,0.0,1.0,0,1,1,133.0,360.0,0,1,0,0,4.890349128221754,5.886104031450156,4887.0,8.494333897270154
2600,3500.0,1.0,0,0,1,115.0,342.2018730489074,1,1,2,0,4.74493212836325,5.835400834993398,6100.0,8.716044050161402
7660,0.0,0.0,0,1,1,104.0,360.0,0,1,2,0,4.6443908991413725,5.886104031450156,7660.0,8.943767262734637
5955,5625.0,1.0,1,0,1,315.0,360.0,1,1,2,0,5.752572638825633,5.886104031450156,11580.0,9.357034751126987
2600,1911.0,0.0,0,1,1,116.0,360.0,0,1,1,0,4.7535901911063645,5.886104031450156,4511.0,8.414274137408396
3365,1917.0,0.0,2,1,1,112.0,360.0,0,1,0,0,4.718498871295094,5.886104031450156,5282.0,8.572060092857077
3717,2925.0,1.0,1,0,1,151.0,360.0,0,1,1,0,5.017279836814924,5.886104031450156,6642.0,8.801168401936692
9560,0.0,1.0,0,0,1,191.0,360.0,1,1,1,1,5.25227342804663,5.886104031450156,9560.0,9.165343006045447
2799,2253.0,1.0,0,0,1,122.0,360.0,1,1,1,0,4.804021044733257,5.886104031450156,5052.0,8.527539483470381
4226,1040.0,1.0,2,1,1,110.0,360.0,1,1,2,0,4.700480365792417,5.886104031450156,5266.0,8.569026340056254
1442,0.0,1.0,0,1,1,35.0,360.0,0,0,2,0,3.5553480614894135,5.886104031450156,1442.0,7.273786317844895
3750,2083.0,1.0,2,0,0,120.0,360.0,1,0,1,0,4.787491742782046,5.886104031450156,5833.0,8.671286726753637
4166,3369.0,1.0,1,0,1,201.0,360.0,0,1,2,0,5.303304908059076,5.886104031450156,7535.0,8.927314111060596
3167,0.0,1.0,0,0,1,74.0,360.0,0,0,2,0,4.30406509320417,5.886104031450156,3167.0,8.06054004653864
4692,0.0,1.0,1,0,1,106.0,360.0,0,0,0,1,4.663439094112067,5.886104031450156,4692.0,8.453614209773367
3500,1667.0,1.0,0,0,1,114.0,360.0,1,1,1,0,4.736198448394496,5.886104031450156,5167.0,8.550047528287184
12500,3000.0,1.0,3,0,1,320.0,360.0,0,0,0,0,5.768320995793772,5.886104031450156,15500.0,9.648595302907339
2275,2067.0,1.0,0,0,1,142.51153039832286,360.0,1,1,2,0,4.959422911511207,5.886104031450156,4342.0,8.376090350438238
1828,1330.0,0.0,0,0,1,100.0,342.2018730489074,0,1,2,0,4.605170185988092,5.835400834993398,3158.0,8.057694194815587
3667,1459.0,1.0,0,0,0,144.0,360.0,1,1,1,0,4.969813299576001,5.886104031450156,5126.0,8.542080906924017
4166,7210.0,1.0,0,0,1,184.0,360.0,1,0,2,0,5.214935757608986,5.886104031450156,11376.0,9.339261152043022
3748,1668.0,1.0,0,1,1,110.0,360.0,1,0,1,0,4.700480365792417,5.886104031450156,5416.0,8.59711281459211
3600,0.0,1.0,0,0,1,80.0,360.0,0,0,2,0,4.382026634673881,5.886104031450156,3600.0,8.1886891244442
1800,1213.0,1.0,0,0,1,47.0,360.0,1,0,2,0,3.8501476017100584,5.886104031450156,3013.0,8.0106915391303
2400,0.0,1.0,0,0,1,75.0,360.0,1,1,2,0,4.31748811353631,5.886104031450156,2400.0,7.783224016336037
3941,2336.0,1.0,0,0,1,134.0,360.0,1,1,1,0,4.897839799950911,5.886104031450156,6277.0,8.744647438317532
4695,0.0,1.0,0,1,1,96.0,342.2018730489074,1,1,2,1,4.564348191467836,5.835400834993398,4695.0,8.454253391642363
3410,0.0,1.0,0,0,0,88.0,342.2018730489074,1,0,2,0,4.477336814478207,5.835400834993398,3410.0,8.134467570277563
5649,0.0,1.0,1,0,1,44.0,360.0,1,1,2,0,3.784189633918261,5.886104031450156,5649.0,8.639233817325263
5821,0.0,1.0,0,0,1,144.0,360.0,1,1,2,0,4.969813299576001,5.886104031450156,5821.0,8.669227347271736
2645,3440.0,0.0,0,0,0,120.0,360.0,0,1,2,0,4.787491742782046,5.886104031450156,6085.0,8.713582005421628
4000,2275.0,1.0,0,0,0,144.0,360.0,1,0,1,0,4.969813299576001,5.886104031450156,6275.0,8.744328763999984
1928,1644.0,1.0,0,1,0,100.0,360.0,1,1,1,0,4.605170185988092,5.886104031450156,3572.0,8.18088094199639
3086,0.0,1.0,0,0,0,120.0,360.0,1,0,1,0,4.787491742782046,5.886104031450156,3086.0,8.034631032923107
4230,0.0,1.0,0,0,0,112.0,360.0,0,0,1,0,4.718498871295094,5.886104031450156,4230.0,8.349957272040324
4616,0.0,1.0,2,0,1,134.0,360.0,0,1,2,0,4.897839799950911,5.886104031450156,4616.0,8.437283808187935
11500,0.0,0.0,1,0,0,286.0,360.0,0,1,2,1,5.655991810819852,5.886104031450156,11500.0,9.350102314351341
2708,1167.0,1.0,2,0,1,97.0,360.0,1,1,1,0,4.574710978503383,5.886104031450156,3875.0,8.262300941787448
2132,1591.0,1.0,0,0,1,96.0,360.0,1,1,1,0,4.564348191467836,5.886104031450156,3723.0,8.222285073872717
3366,2200.0,1.0,0,0,1,135.0,360.0,0,1,0,0,4.90527477843843,5.886104031450156,5566.0,8.624431942085836
8080,2250.0,1.0,1,0,1,180.0,360.0,1,1,2,0,5.19295685089021,5.886104031450156,10330.0,9.242807562113684
3357,2859.0,1.0,2,1,1,144.0,360.0,1,1,2,0,4.969813299576001,5.886104031450156,6216.0,8.734881892047483
2500,3796.0,1.0,0,0,1,120.0,360.0,1,1,2,0,4.787491742782046,5.886104031450156,6296.0,8.74766979009724
3029,0.0,1.0,3,0,1,99.0,360.0,1,1,2,0,4.59511985013459,5.886104031450156,3029.0,8.015987811027237
2609,3449.0,0.0,0,1,1,165.0,180.0,0,1,0,1,5.10594547390058,5.19295685089021,6058.0,8.709134991587183
4945,0.0,0.0,1,0,1,142.51153039832286,360.0,0,1,0,0,4.959422911511207,5.886104031450156,4945.0,8.506132244056813
4166,0.0,0.0,0,0,0,116.0,360.0,0,0,1,0,4.7535901911063645,5.886104031450156,4166.0,8.334711621820917
5726,4595.0,1.0,0,0,1,258.0,360.0,0,1,1,0,5.552959584921617,5.886104031450156,10321.0,9.241935933565934
3200,2254.0,0.0,0,1,1,126.0,180.0,0,0,2,0,4.836281906951478,5.19295685089021,5454.0,8.604104563405533
10750,0.0,1.0,1,0,1,312.0,360.0,1,1,2,0,5.7430031878094825,5.886104031450156,10750.0,9.28266103355581
7100,0.0,1.0,3,1,1,125.0,60.0,1,1,2,1,4.8283137373023015,4.0943445622221,7100.0,8.867850063029406
4300,0.0,0.0,0,0,0,136.0,360.0,0,0,1,0,4.912654885736052,5.886104031450156,4300.0,8.366370301681654
3208,3066.0,1.0,0,0,1,172.0,360.0,1,1,2,0,5.147494476813453,5.886104031450156,6274.0,8.744169388750624
1875,1875.0,1.0,2,1,1,97.0,360.0,1,1,1,1,4.574710978503383,5.886104031450156,3750.0,8.229511118964457
3500,0.0,1.0,0,0,1,81.0,300.0,1,0,1,0,4.394449154672439,5.703782474656201,3500.0,8.160518247477505
4755,0.0,0.0,3,1,1,95.0,342.2018730489074,0,1,1,0,4.553876891600541,5.835400834993398,4755.0,8.46695197497949
5266,1774.0,1.0,3,0,1,187.0,360.0,1,1,1,1,5.231108616854587,5.886104031450156,7040.0,8.859363449152088
3750,0.0,1.0,0,0,1,113.0,480.0,0,0,2,0,4.727387818712341,6.173786103901937,3750.0,8.229511118964457
3750,4750.0,1.0,0,0,1,176.0,360.0,0,0,2,0,5.170483995038151,5.886104031450156,8500.0,9.047821442478408
1000,3022.0,1.0,1,0,1,110.0,360.0,0,1,2,1,4.700480365792417,5.886104031450156,4022.0,8.299534570332597
3167,4000.0,0.0,3,0,1,180.0,300.0,0,1,1,0,5.19295685089021,5.703782474656201,7167.0,8.877242435993919
3333,2166.0,1.0,3,1,1,130.0,360.0,1,1,1,1,4.867534450455582,5.886104031450156,5499.0,8.612321536507814
3846,0.0,1.0,0,0,0,111.0,360.0,1,0,1,0,4.709530201312334,5.886104031450156,3846.0,8.254788926148725
2395,0.0,1.0,1,0,1,142.51153039832286,360.0,1,1,1,1,4.959422911511207,5.886104031450156,2395.0,7.781138509845015
1378,1881.0,1.0,2,0,0,167.0,360.0,0,1,2,0,5.117993812416755,5.886104031450156,3259.0,8.089175678837561
6000,2250.0,1.0,0,0,1,265.0,360.0,0,1,1,0,5.579729825986222,5.886104031450156,8250.0,9.017968479328726
3988,0.0,1.0,1,0,1,50.0,240.0,1,1,2,0,3.912023005428146,5.480638923341991,3988.0,8.291045131081729
2366,2531.0,1.0,0,0,1,136.0,360.0,1,0,1,0,4.912654885736052,5.886104031450156,4897.0,8.496378051702317
3333,2000.0,1.0,2,1,1,99.0,360.0,1,1,1,0,4.59511985013459,5.886104031450156,5333.0,8.581669210600602
2500,2118.0,1.0,0,0,1,104.0,360.0,1,1,1,0,4.6443908991413725,5.886104031450156,4618.0,8.43771698991444
8566,0.0,1.0,0,0,1,210.0,360.0,1,0,2,0,5.3471075307174685,5.886104031450156,8566.0,9.055556158175316
5695,4167.0,1.0,0,0,1,175.0,360.0,1,1,1,0,5.1647859739235145,5.886104031450156,9862.0,9.196444266784072
2958,2900.0,1.0,0,0,1,131.0,360.0,1,1,1,0,4.875197323201151,5.886104031450156,5858.0,8.675563527387679
6250,5654.0,1.0,2,0,1,188.0,180.0,1,1,1,0,5.236441962829949,5.19295685089021,11904.0,9.384629757072872
3273,1820.0,1.0,2,1,1,81.0,360.0,1,1,2,0,4.394449154672439,5.886104031450156,5093.0,8.535622326884605
4133,0.0,1.0,0,0,1,122.0,360.0,1,0,1,0,4.804021044733257,5.886104031450156,4133.0,8.326758814511733
3620,0.0,1.0,0,1,1,25.0,120.0,1,0,1,0,3.2188758248682006,4.787491742782046,3620.0,8.194229304819817
6782,0.0,1.0,0,0,1,142.51153039832286,360.0,0,0,2,0,4.959422911511207,5.886104031450156,6782.0,8.822027322685583
2484,2302.0,1.0,0,0,0,137.0,360.0,1,1,1,0,4.919980925828125,5.886104031450156,4786.0,8.47345026846832
1977,997.0,1.0,0,0,1,50.0,360.0,1,1,1,0,3.912023005428146,5.886104031450156,2974.0,7.9976631270201
4188,0.0,1.0,0,1,1,115.0,180.0,1,1,1,0,4.74493212836325,5.19295685089021,4188.0,8.339978571990427
1759,3541.0,1.0,0,0,1,131.0,360.0,1,1,1,0,4.875197323201151,5.886104031450156,5300.0,8.575462099540212
4288,3263.0,1.0,2,1,1,133.0,180.0,1,1,2,0,4.890349128221754,5.19295685089021,7551.0,8.929435283803425
4843,3806.0,1.0,0,0,1,151.0,360.0,1,0,1,0,5.017279836814924,5.886104031450156,8649.0,9.065198986306513
13650,0.0,1.0,0,0,1,142.51153039832286,360.0,1,1,2,0,4.959422911511207,5.886104031450156,13650.0,9.521494800613105
4652,3583.0,1.0,0,0,1,142.51153039832286,360.0,1,1,1,0,4.959422911511207,5.886104031450156,8235.0,9.016148642611741
3816,754.0,1.0,0,0,1,160.0,360.0,1,1,2,0,5.075173815233827,5.886104031450156,4570.0,8.42726848388825
3052,1030.0,1.0,1,0,1,100.0,360.0,1,1,2,0,4.605170185988092,5.886104031450156,4082.0,8.31434234336979
11417,1126.0,1.0,2,0,1,225.0,360.0,1,1,2,0,5.41610040220442,5.886104031450156,12543.0,9.436918020024674
7333,0.0,1.0,0,1,1,120.0,360.0,0,0,0,0,4.787491742782046,5.886104031450156,7333.0,8.9001399880938
3800,3600.0,0.0,2,0,1,216.0,360.0,0,1,2,0,5.375278407684165,5.886104031450156,7400.0,8.909235279192261
2071,754.0,1.0,3,1,1,94.0,480.0,1,1,1,0,4.543294782270004,6.173786103901937,2825.0,7.946263643580541
5316,0.0,1.0,0,0,1,136.0,360.0,1,0,2,0,4.912654885736052,5.886104031450156,5316.0,8.578476419833136
2929,2333.0,1.0,0,0,0,139.0,360.0,1,1,1,0,4.9344739331306915,5.886104031450156,5262.0,8.568266461600238
3572,4114.0,0.0,0,1,1,152.0,342.2018730489074,0,1,0,0,5.0238805208462765,5.835400834993398,7686.0,8.94715577112479
7451,0.0,1.0,1,0,0,142.51153039832286,360.0,1,0,1,1,4.959422911511207,5.886104031450156,7451.0,8.916103530553727
5050,0.0,1.0,0,0,1,118.0,360.0,1,0,1,0,4.770684624465665,5.886104031450156,5050.0,8.527143522269405
14583,0.0,1.0,1,0,1,185.0,180.0,1,1,0,0,5.220355825078324,5.19295685089021,14583.0,9.587611745713565
3167,2283.0,1.0,0,0,0,154.0,360.0,1,1,1,0,5.0369526024136295,5.886104031450156,5450.0,8.60337088765729
2214,1398.0,1.0,1,0,1,85.0,360.0,1,1,2,0,4.442651256490317,5.886104031450156,3612.0,8.192016914536875
5568,2142.0,1.0,0,0,1,175.0,360.0,0,1,0,0,5.1647859739235145,5.886104031450156,7710.0,8.950273466557375
10408,0.0,1.0,0,0,0,259.0,360.0,1,0,2,0,5.556828061699537,5.886104031450156,10408.0,9.250330020192342
5667,2667.0,1.0,0,0,1,180.0,360.0,1,1,0,0,5.19295685089021,5.886104031450156,8334.0,9.0280988119824
4166,0.0,1.0,0,0,0,44.0,360.0,1,0,1,0,3.784189633918261,5.886104031450156,4166.0,8.334711621820917
2137,8980.0,0.0,0,0,0,137.0,360.0,1,0,1,0,4.919980925828125,5.886104031450156,11117.0,9.316230747233615
2957,0.0,1.0,2,0,1,81.0,360.0,1,1,1,0,4.394449154672439,5.886104031450156,2957.0,7.9919305198524775
4300,2014.0,1.0,0,1,1,194.0,360.0,1,1,0,0,5.267858159063328,5.886104031450156,6314.0,8.750524669117937
3692,0.0,1.0,0,0,0,93.0,360.0,1,0,0,0,4.532599493153256,5.886104031450156,3692.0,8.213923595622743
23803,0.0,1.0,3,0,1,370.0,360.0,1,1,0,0,5.91350300563827,5.886104031450156,23803.0,10.077566902136047
3865,1640.0,1.0,0,0,1,142.51153039832286,360.0,1,0,0,0,4.959422911511207,5.886104031450156,5505.0,8.61341204915678
10513,3850.0,0.0,1,0,1,160.0,180.0,0,1,2,1,5.075173815233827,5.19295685089021,14363.0,9.572410734431823
6080,2569.0,1.0,0,0,1,182.0,360.0,0,1,0,0,5.204006687076795,5.886104031450156,8649.0,9.065198986306513
20166,0.0,1.0,0,0,1,650.0,480.0,1,0,2,1,6.476972362889683,6.173786103901937,20166.0,9.91175329695316
2014,1929.0,1.0,0,0,1,74.0,360.0,1,0,2,0,4.30406509320417,5.886104031450156,3943.0,8.279697133877628
2718,0.0,1.0,0,0,1,70.0,360.0,1,0,1,0,4.248495242049359,5.886104031450156,2718.0,7.907651594711089
3459,0.0,1.0,0,0,1,25.0,120.0,1,1,1,1,3.2188758248682006,4.787491742782046,3459.0,8.148734808937169
4895,0.0,1.0,0,0,1,102.0,360.0,1,0,1,0,4.624972813284271,5.886104031450156,4895.0,8.49596955496461
4000,7750.0,1.0,3,0,1,290.0,360.0,0,1,1,0,5.66988092298052,5.886104031450156,11750.0,9.371608519572305
4583,0.0,1.0,0,0,0,84.0,360.0,0,1,0,0,4.430816798843313,5.886104031450156,4583.0,8.430109084509125
3316,3500.0,1.0,2,0,1,88.0,360.0,1,1,2,1,4.477336814478207,5.886104031450156,6816.0,8.827028068509152
14999,0.0,0.0,0,0,1,242.0,360.0,0,0,1,0,5.488937726156687,5.886104031450156,14999.0,9.61573881119536
4200,1430.0,1.0,2,1,1,129.0,360.0,0,1,0,0,4.859812404361672,5.886104031450156,5630.0,8.635864721133736
5042,2083.0,1.0,2,0,1,185.0,360.0,0,1,0,0,5.220355825078324,5.886104031450156,7125.0,8.871365005136852
5417,0.0,1.0,0,0,1,168.0,360.0,1,0,2,0,5.123963979403259,5.886104031450156,5417.0,8.597297435657898
6950,0.0,1.0,0,0,1,175.0,180.0,1,0,1,1,5.1647859739235145,5.19295685089021,6950.0,8.846496938558838
2698,2034.0,1.0,0,0,1,122.0,360.0,1,1,1,0,4.804021044733257,5.886104031450156,4732.0,8.462103225098277
11757,0.0,1.0,2,0,1,187.0,180.0,1,1,2,0,5.231108616854587,5.19295685089021,11757.0,9.372204086867741
2330,4486.0,1.0,0,0,0,100.0,360.0,1,1,1,0,4.605170185988092,5.886104031450156,6816.0,8.827028068509152
14866,0.0,1.0,2,0,0,70.0,360.0,1,1,2,0,4.248495242049359,5.886104031450156,14866.0,9.60683200528524
1538,1425.0,1.0,1,0,1,30.0,360.0,1,1,2,0,3.4011973816621555,5.886104031450156,2963.0,7.993957547573565
10000,1666.0,1.0,0,0,0,225.0,360.0,0,0,0,0,5.41610040220442,5.886104031450156,11666.0,9.364433907313582
4860,830.0,1.0,0,0,1,125.0,360.0,1,1,1,0,4.8283137373023015,5.886104031450156,5690.0,8.646465527120377
6277,0.0,0.0,0,0,1,118.0,360.0,0,0,0,0,4.770684624465665,5.886104031450156,6277.0,8.744647438317532
2577,3750.0,1.0,0,0,1,152.0,360.0,1,1,0,1,5.0238805208462765,5.886104031450156,6327.0,8.752581469146884
9166,0.0,1.0,0,0,1,244.0,360.0,0,0,2,0,5.497168225293202,5.886104031450156,9166.0,9.123256265069069
2281,0.0,1.0,2,1,1,113.0,360.0,0,1,0,0,4.727387818712341,5.886104031450156,2281.0,7.732369222284388
3254,0.0,1.0,0,0,1,50.0,360.0,1,0,2,0,3.912023005428146,5.886104031450156,3254.0,8.087640287778983
39999,0.0,0.0,3,0,1,600.0,180.0,1,1,1,0,6.396929655216146,5.19295685089021,39999.0,10.596609732783568
6000,0.0,1.0,1,0,1,160.0,360.0,1,1,0,0,5.075173815233827,5.886104031450156,6000.0,8.699514748210191
9538,0.0,1.0,1,0,1,187.0,360.0,1,1,2,0,5.231108616854587,5.886104031450156,9538.0,9.16303909885817
2980,2083.0,1.0,0,0,1,120.0,360.0,1,0,0,0,4.787491742782046,5.886104031450156,5063.0,8.529714471969909
4583,5625.0,1.0,0,0,1,255.0,360.0,1,1,1,0,5.541263545158426,5.886104031450156,10208.0,9.23092700558457
1863,1041.0,1.0,0,1,1,98.0,360.0,1,1,1,0,4.584967478670572,5.886104031450156,2904.0,7.973844375944687
7933,0.0,1.0,0,0,1,275.0,360.0,0,1,2,0,5.616771097666572,5.886104031450156,7933.0,8.978786553302003
3089,1280.0,0.0,1,0,1,121.0,360.0,0,1,1,0,4.795790545596741,5.886104031450156,4369.0,8.382289428951436
4167,1447.0,1.0,2,0,1,158.0,360.0,1,1,0,0,5.062595033026967,5.886104031450156,5614.0,8.633018756921828
9323,0.0,1.0,0,0,1,75.0,180.0,1,1,2,0,4.31748811353631,5.19295685089021,9323.0,9.140239744296693
3707,3166.0,1.0,0,0,1,182.0,342.2018730489074,1,1,0,0,5.204006687076795,5.835400834993398,6873.0,8.835355971121606
4583,0.0,1.0,0,0,0,112.0,360.0,0,1,0,0,4.718498871295094,5.886104031450156,4583.0,8.430109084509125
2439,3333.0,1.0,0,0,1,129.0,360.0,1,1,0,0,4.859812404361672,5.886104031450156,5772.0,8.660773919893762
2237,0.0,0.0,0,0,1,63.0,480.0,0,0,1,0,4.143134726391533,6.173786103901937,2237.0,7.71289096149013
8000,0.0,1.0,2,0,1,200.0,360.0,1,1,1,0,5.298317366548036,5.886104031450156,8000.0,8.987196820661973
1820,1769.0,1.0,0,1,1,95.0,360.0,1,1,0,0,4.553876891600541,5.886104031450156,3589.0,8.185628891147607
51763,0.0,1.0,3,0,1,700.0,300.0,1,1,2,0,6.551080335043404,5.703782474656201,51763.0,10.854430887309706
3522,0.0,1.0,3,1,1,81.0,180.0,0,1,0,0,4.394449154672439,5.19295685089021,3522.0,8.166784289056151
5708,5625.0,1.0,0,0,1,187.0,360.0,1,1,1,0,5.231108616854587,5.886104031450156,11333.0,9.335474102732949
4344,736.0,1.0,0,1,1,87.0,360.0,0,1,1,1,4.465908118654584,5.886104031450156,5080.0,8.533066540572527
3497,1964.0,1.0,0,0,1,116.0,360.0,1,1,0,0,4.7535901911063645,5.886104031450156,5461.0,8.605387202152153
2045,1619.0,1.0,2,0,1,101.0,360.0,1,1,0,0,4.61512051684126,5.886104031450156,3664.0,8.20631072579402
5516,11300.0,0.0,3,0,1,495.0,360.0,0,1,1,0,6.20455776256869,5.886104031450156,16816.0,9.730086093116732
3750,0.0,1.0,1,0,1,116.0,360.0,1,1,1,0,4.7535901911063645,5.886104031450156,3750.0,8.229511118964457
2333,1451.0,0.0,0,1,1,102.0,480.0,0,0,2,0,4.624972813284271,6.173786103901937,3784.0,8.238536930171769
6400,7250.0,0.0,1,0,1,180.0,360.0,0,1,2,0,5.19295685089021,5.886104031450156,13650.0,9.521494800613105
1916,5063.0,1.0,0,0,1,67.0,360.0,0,0,0,0,4.204692619390966,5.886104031450156,6979.0,8.850660919017152
4600,0.0,1.0,0,0,1,73.0,180.0,1,1,1,0,4.290459441148391,5.19295685089021,4600.0,8.433811582477187
33846,0.0,1.0,1,0,1,260.0,360.0,0,1,1,0,5.560681631015528,5.886104031450156,33846.0,10.429576102968031
3625,0.0,1.0,0,0,0,108.0,360.0,1,1,1,0,4.68213122712422,5.886104031450156,3625.0,8.195609567288775
39147,4750.0,1.0,0,0,1,120.0,360.0,1,1,1,1,4.787491742782046,5.886104031450156,43897.0,10.689601259598334
2178,0.0,0.0,1,0,1,66.0,300.0,0,1,0,1,4.189654742026425,5.703782474656201,2178.0,7.686162303492906
2383,2138.0,1.0,0,0,1,58.0,360.0,1,1,0,0,4.060443010546419,5.886104031450156,4521.0,8.416488487294606
674,5296.0,1.0,0,0,1,168.0,360.0,1,1,0,1,5.123963979403259,5.886104031450156,5970.0,8.694502206386648
9328,0.0,1.0,0,0,1,188.0,180.0,1,1,0,0,5.236441962829949,5.19295685089021,9328.0,9.140775908590273
4885,0.0,1.0,0,1,1,48.0,360.0,1,0,0,0,3.871201010907891,5.886104031450156,4885.0,8.493924564476883
12000,0.0,1.0,0,0,1,164.0,360.0,0,0,1,0,5.099866427824199,5.886104031450156,12000.0,9.392661928770137
6033,0.0,1.0,0,1,1,160.0,360.0,0,1,2,0,5.075173815233827,5.886104031450156,6033.0,8.704999678440762
3858,0.0,1.0,0,0,1,76.0,360.0,1,0,1,0,4.330733340286331,5.886104031450156,3858.0,8.257904193465674
4191,0.0,1.0,0,0,1,120.0,360.0,1,0,0,0,4.787491742782046,5.886104031450156,4191.0,8.340694647925071
3125,2583.0,1.0,1,0,1,170.0,360.0,0,1,1,0,5.135798437050262,5.886104031450156,5708.0,8.649623978596727
8333,3750.0,1.0,0,0,1,187.0,360.0,1,0,0,0,5.231108616854587,5.886104031450156,12083.0,9.399554785027307
1907,2365.0,1.0,0,1,0,120.0,342.2018730489074,1,0,2,0,4.787491742782046,5.835400834993398,4272.0,8.35983738064003
3416,2816.0,1.0,0,0,0,113.0,360.0,1,1,1,0,4.727387818712341,5.886104031450156,6232.0,8.737452587550584
11000,0.0,1.0,0,0,1,83.0,360.0,0,0,2,1,4.418840607796598,5.886104031450156,11000.0,9.305650551780507
2600,2500.0,1.0,1,1,1,90.0,360.0,1,1,1,0,4.499809670330265,5.886104031450156,5100.0,8.536995818712418
4923,0.0,0.0,2,0,1,166.0,360.0,1,0,1,0,5.111987788356544,5.886104031450156,4923.0,8.5016733797582
3992,0.0,1.0,3,1,1,142.51153039832286,180.0,0,1,2,0,4.959422911511207,5.19295685089021,3992.0,8.292047637431354
3500,1083.0,1.0,1,1,1,135.0,360.0,1,1,2,0,4.90527477843843,5.886104031450156,4583.0,8.430109084509125
3917,0.0,1.0,2,1,1,124.0,360.0,1,1,1,0,4.820281565605037,5.886104031450156,3917.0,8.27308133366583
4408,0.0,1.0,0,1,0,120.0,360.0,1,0,1,0,4.787491742782046,5.886104031450156,4408.0,8.391176350832751
3244,0.0,1.0,0,0,0,80.0,360.0,1,0,2,0,4.382026634673881,5.886104031450156,3244.0,8.084562415235304
3975,2531.0,1.0,0,1,1,55.0,360.0,1,0,0,0,4.007333185232471,5.886104031450156,6506.0,8.780480107033297
2479,0.0,1.0,0,0,1,59.0,360.0,1,0,2,0,4.07753744390572,5.886104031450156,2479.0,7.8156105320351905
3418,0.0,1.0,0,0,1,127.0,360.0,0,0,1,0,4.844187086458591,5.886104031450156,3418.0,8.136810863675537
10000,0.0,1.0,0,0,0,214.0,360.0,0,0,1,0,5.365976015021851,5.886104031450156,10000.0,9.210340371976184
3430,1250.0,0.0,3,0,1,128.0,360.0,0,1,1,0,4.852030263919617,5.886104031450156,4680.0,8.451053388911692
7787,0.0,1.0,1,0,1,240.0,360.0,1,1,2,1,5.480638923341991,5.886104031450156,7787.0,8.960210955576986
5703,0.0,1.0,3,1,1,130.0,360.0,1,1,0,1,4.867534450455582,5.886104031450156,5703.0,8.648747631156539
3173,3021.0,1.0,0,0,1,137.0,360.0,1,1,2,0,4.919980925828125,5.886104031450156,6194.0,8.731336360533149
3850,983.0,1.0,3,1,1,100.0,360.0,1,1,1,0,4.605170185988092,5.886104031450156,4833.0,8.483222671845084
150,1800.0,1.0,0,0,1,135.0,360.0,0,1,0,0,4.90527477843843,5.886104031450156,1950.0,7.575584651557793
3727,1775.0,1.0,0,0,1,131.0,360.0,1,1,1,0,4.875197323201151,5.886104031450156,5502.0,8.61286694148452
5000,0.0,0.0,2,0,1,72.0,360.0,0,1,1,0,4.276666119016055,5.886104031450156,5000.0,8.517193191416238
4283,2383.0,1.0,2,0,0,127.0,360.0,1,1,1,0,4.844187086458591,5.886104031450156,6666.0,8.804775258867686
2221,0.0,0.0,0,0,1,60.0,360.0,0,1,2,0,4.0943445622221,5.886104031450156,2221.0,7.7057128238944275
4009,1717.0,1.0,2,0,1,116.0,360.0,1,1,1,0,4.7535901911063645,5.886104031450156,5726.0,8.65277248565806
2971,2791.0,1.0,0,0,1,144.0,360.0,1,0,1,0,4.969813299576001,5.886104031450156,5762.0,8.659039915644474
7578,1010.0,1.0,0,0,1,175.0,342.2018730489074,1,1,1,0,5.1647859739235145,5.835400834993398,8588.0,9.058121158998672
6250,0.0,1.0,0,0,1,128.0,360.0,1,1,1,0,4.852030263919617,5.886104031450156,6250.0,8.740336742730447
3250,0.0,1.0,0,0,1,170.0,360.0,0,1,0,0,5.135798437050262,5.886104031450156,3250.0,8.086410275323782
4735,0.0,1.0,0,1,1,138.0,360.0,0,1,2,1,4.927253685157205,5.886104031450156,4735.0,8.462737005620179
6250,1695.0,1.0,2,0,1,210.0,360.0,1,1,1,0,5.3471075307174685,5.886104031450156,7945.0,8.980298078970817
4758,0.0,1.0,0,0,1,158.0,480.0,1,1,1,0,5.062595033026967,6.173786103901937,4758.0,8.467582690862903
6400,0.0,1.0,0,0,1,200.0,360.0,1,0,0,1,5.298317366548036,5.886104031450156,6400.0,8.764053269347762
2491,2054.0,1.0,1,0,1,104.0,360.0,1,1,1,0,4.6443908991413725,5.886104031450156,4545.0,8.421783006611578
3716,0.0,1.0,0,0,1,42.0,180.0,1,1,0,0,3.7376696182833684,5.19295685089021,3716.0,8.22040309993373
3189,2598.0,1.0,0,1,1,120.0,342.2018730489074,1,0,0,0,4.787491742782046,5.835400834993398,5787.0,8.663369301573839
8333,0.0,1.0,0,0,0,280.0,360.0,1,0,1,0,5.634789603169249,5.886104031450156,8333.0,9.027978814382207
3155,1779.0,1.0,1,0,1,140.0,360.0,1,1,1,0,4.941642422609304,5.886104031450156,4934.0,8.503905297089302
5500,1260.0,1.0,1,0,1,170.0,360.0,1,1,0,0,5.135798437050262,5.886104031450156,6760.0,8.81877816903701
5746,0.0,1.0,0,0,1,255.0,360.0,0,1,2,0,5.541263545158426,5.886104031450156,5746.0,8.656259239539235
3463,0.0,1.0,0,0,0,122.0,360.0,1,0,2,1,4.804021044733257,5.886104031450156,3463.0,8.149890544402423
3812,0.0,1.0,1,0,0,112.0,360.0,1,0,0,0,4.718498871295094,5.886104031450156,3812.0,8.245909264774093
3315,0.0,1.0,1,0,1,96.0,360.0,1,1,1,0,4.564348191467836,5.886104031450156,3315.0,8.106212902619962
5819,5000.0,1.0,2,0,1,120.0,360.0,1,1,0,0,4.787491742782046,5.886104031450156,10819.0,9.289059126687574
2510,1983.0,1.0,1,1,1,140.0,180.0,0,1,2,0,4.941642422609304,5.19295685089021,4493.0,8.41027590907016
2965,5701.0,1.0,0,0,1,155.0,60.0,1,0,2,0,5.043425116919247,4.0943445622221,8666.0,9.067162602299854
6250,1300.0,1.0,2,0,1,108.0,360.0,1,1,0,1,4.68213122712422,5.886104031450156,7550.0,8.92930284224307
3406,4417.0,1.0,0,1,1,123.0,360.0,1,1,1,0,4.812184355372417,5.886104031450156,7823.0,8.96482339168508
6050,4333.0,1.0,0,0,1,120.0,180.0,0,0,2,1,4.787491742782046,5.19295685089021,10383.0,9.247925132303454
9703,0.0,1.0,2,0,1,112.0,360.0,1,1,2,0,4.718498871295094,5.886104031450156,9703.0,9.1801903950253
6608,0.0,1.0,1,1,1,137.0,180.0,1,1,2,0,4.919980925828125,5.19295685089021,6608.0,8.796036315200814
2882,1843.0,1.0,1,0,1,123.0,480.0,1,1,1,0,4.812184355372417,6.173786103901937,4725.0,8.460622839927844
1809,1868.0,1.0,0,0,1,90.0,360.0,1,1,2,0,4.499809670330265,5.886104031450156,3677.0,8.209852481301272
1668,3890.0,0.0,0,1,1,201.0,360.0,0,1,1,0,5.303304908059076,5.886104031450156,5558.0,8.62299361030245
3427,0.0,1.0,2,0,0,138.0,360.0,0,0,2,0,4.927253685157205,5.886104031450156,3427.0,8.139440521874608
2583,2167.0,1.0,0,1,1,104.0,360.0,1,0,0,1,4.6443908991413725,5.886104031450156,4750.0,8.465899897028686
2661,7101.0,1.0,1,1,1,279.0,180.0,1,1,1,0,5.631211781821365,5.19295685089021,9762.0,9.186252576447092
16250,0.0,0.0,0,0,1,192.0,360.0,0,0,2,1,5.2574953720277815,5.886104031450156,16250.0,9.695848187757884
3083,0.0,1.0,3,0,0,255.0,360.0,1,0,0,0,5.541263545158426,5.886104031450156,3083.0,8.03365842788615
6045,0.0,0.0,0,1,1,115.0,360.0,0,0,0,0,4.74493212836325,5.886104031450156,6045.0,8.706986763048892
5250,0.0,1.0,3,0,1,94.0,360.0,0,1,2,0,4.543294782270004,5.886104031450156,5250.0,8.565983355585669
14683,2100.0,1.0,0,0,1,304.0,360.0,0,1,0,0,5.717027701406222,5.886104031450156,16783.0,9.72812174830818
4931,0.0,1.0,3,1,1,128.0,360.0,0,1,1,0,4.852030263919617,5.886104031450156,4931.0,8.503297086224126
6083,4250.0,1.0,1,0,1,330.0,360.0,1,1,2,0,5.799092654460526,5.886104031450156,10333.0,9.243097936214355
2060,2209.0,1.0,0,0,1,134.0,360.0,1,0,1,0,4.897839799950911,5.886104031450156,4269.0,8.359134886757962
3481,0.0,1.0,1,0,0,155.0,36.0,0,0,1,0,5.043425116919247,3.58351893845611,3481.0,8.15507488781144
7200,0.0,1.0,0,0,0,120.0,360.0,1,0,0,0,4.787491742782046,5.886104031450156,7200.0,8.881836305004146
5166,0.0,1.0,0,0,1,128.0,360.0,1,0,1,1,4.852030263919617,5.886104031450156,5166.0,8.549853973655786
4095,3447.0,1.0,0,0,1,151.0,360.0,1,0,0,0,5.017279836814924,5.886104031450156,7542.0,8.928242677818302
4708,1387.0,1.0,2,0,1,150.0,360.0,1,1,1,0,5.0106352940962555,5.886104031450156,6095.0,8.715224041915372
4333,1811.0,0.0,3,0,1,160.0,360.0,1,1,2,0,5.075173815233827,5.886104031450156,6144.0,8.723231274827508
3418,0.0,1.0,0,0,0,135.0,360.0,0,0,0,0,4.90527477843843,5.886104031450156,3418.0,8.136810863675537
2876,1560.0,1.0,1,0,0,90.0,360.0,1,0,2,0,4.499809670330265,5.886104031450156,4436.0,8.397508348470257
3237,0.0,1.0,0,0,0,30.0,360.0,1,0,2,0,3.4011973816621555,5.886104031450156,3237.0,8.082402253926244
11146,0.0,1.0,0,0,1,136.0,360.0,1,1,2,0,4.912654885736052,5.886104031450156,11146.0,9.318835968129482
2833,1857.0,1.0,0,0,1,126.0,360.0,1,0,0,0,4.836281906951478,5.886104031450156,4690.0,8.453187861440325
2620,2223.0,1.0,0,0,1,150.0,360.0,1,1,1,0,5.0106352940962555,5.886104031450156,4843.0,8.48528964240323
3900,0.0,1.0,2,0,1,90.0,360.0,1,1,1,0,4.499809670330265,5.886104031450156,3900.0,8.268731832117737
2750,1842.0,1.0,1,0,1,115.0,360.0,1,1,1,0,4.74493212836325,5.886104031450156,4592.0,8.432070937999402
3993,3274.0,1.0,0,0,1,207.0,360.0,1,1,1,0,5.332718793265369,5.886104031450156,7267.0,8.891098830616636
3103,1300.0,1.0,0,0,1,80.0,360.0,1,1,2,0,4.382026634673881,5.886104031450156,4403.0,8.390041405755754
14583,0.0,1.0,0,0,1,436.0,360.0,1,1,1,0,6.077642243349034,5.886104031450156,14583.0,9.587611745713565
4100,0.0,1.0,0,1,0,124.0,360.0,1,1,0,0,4.820281565605037,5.886104031450156,4100.0,8.318742252692399
4053,2426.0,0.0,1,1,1,158.0,360.0,0,0,2,1,5.062595033026967,5.886104031450156,6479.0,8.776321456449958
3927,800.0,1.0,0,0,1,112.0,360.0,1,1,1,0,4.718498871295094,5.886104031450156,4727.0,8.461046030793236
2301,985.7999877999998,1.0,2,0,1,78.0,180.0,1,1,2,0,4.356708826689592,5.19295685089021,3286.7999878,8.097669722345216
1811,1666.0,1.0,0,0,0,54.0,360.0,1,0,2,0,3.9889840465642745,5.886104031450156,3477.0,8.153925132007862
20667,0.0,1.0,0,0,1,142.51153039832286,360.0,0,1,0,0,4.959422911511207,5.886104031450156,20667.0,9.936293504261306
3158,3053.0,1.0,0,0,1,89.0,360.0,1,0,0,0,4.48863636973214,5.886104031450156,6211.0,8.734077192559303
2600,1717.0,1.0,0,0,0,99.0,300.0,0,0,1,1,4.59511985013459,5.703782474656201,4317.0,8.370315995555478
3704,2000.0,1.0,0,0,1,120.0,360.0,1,1,0,0,4.787491742782046,5.886104031450156,5704.0,8.648922962094131
4124,0.0,1.0,0,0,0,115.0,360.0,1,0,1,0,4.74493212836325,5.886104031450156,4124.0,8.32457884513685
9508,0.0,1.0,0,0,1,187.0,360.0,1,0,0,0,5.231108616854587,5.886104031450156,9508.0,9.159888828480085
3075,2416.0,1.0,0,0,1,139.0,360.0,1,1,0,0,4.9344739331306915,5.886104031450156,5491.0,8.610865667278873
4400,0.0,0.0,2,0,1,127.0,360.0,0,1,1,0,4.844187086458591,5.886104031450156,4400.0,8.389359819906353
3153,1560.0,1.0,2,0,1,134.0,360.0,1,1,2,0,4.897839799950911,5.886104031450156,4713.0,8.45807992692373
5417,0.0,0.0,0,0,0,143.0,480.0,0,0,2,0,4.962844630259907,6.173786103901937,5417.0,8.597297435657898
2383,3334.0,1.0,0,0,1,172.0,360.0,1,1,1,0,5.147494476813453,5.886104031450156,5717.0,8.651199471263972
4416,1250.0,1.0,3,0,1,110.0,360.0,1,1,2,0,4.700480365792417,5.886104031450156,5666.0,8.642238680390461
6875,0.0,1.0,1,0,1,200.0,360.0,1,1,1,0,5.298317366548036,5.886104031450156,6875.0,8.835646922534773
4666,0.0,1.0,1,0,0,135.0,360.0,1,1,2,0,4.90527477843843,5.886104031450156,4666.0,8.448057452581375
5000,2541.0,1.0,0,0,0,151.0,480.0,0,0,0,0,5.017279836814924,6.173786103901937,7541.0,8.928110078202646
2014,2925.0,1.0,1,0,1,113.0,360.0,0,1,2,0,4.727387818712341,5.886104031450156,4939.0,8.504918160540624
1800,2934.0,0.0,0,1,1,93.0,360.0,0,1,2,0,4.532599493153256,5.886104031450156,4734.0,8.46252579007393
2875,1750.0,1.0,0,1,1,105.0,360.0,1,1,1,0,4.653960350157523,5.886104031450156,4625.0,8.439231649946526
5000,0.0,1.0,0,0,0,132.0,360.0,1,0,0,0,4.882801922586371,5.886104031450156,5000.0,8.517193191416238
1625,1803.0,1.0,1,0,1,96.0,360.0,1,1,2,0,4.564348191467836,5.886104031450156,3428.0,8.13973227971767
4000,2500.0,1.0,0,0,1,140.0,360.0,1,0,0,0,4.941642422609304,5.886104031450156,6500.0,8.779557455883728
2000,0.0,1.0,0,1,1,142.51153039832286,360.0,0,0,2,0,4.959422911511207,5.886104031450156,2000.0,7.600902459542082
3762,1666.0,1.0,0,0,0,135.0,360.0,1,0,0,0,4.90527477843843,5.886104031450156,5428.0,8.59932602095476
2400,1863.0,0.0,0,0,0,104.0,360.0,0,0,2,0,4.6443908991413725,5.886104031450156,4263.0,8.35772841676521
20233,0.0,1.0,0,0,1,480.0,360.0,0,0,0,0,6.173786103901937,5.886104031450156,20233.0,9.915070213779195
7667,0.0,1.0,2,1,1,185.0,360.0,1,1,0,0,5.220355825078324,5.886104031450156,7667.0,8.944680683558895
2917,0.0,1.0,0,0,0,84.0,360.0,1,0,1,0,4.430816798843313,5.886104031450156,2917.0,7.978310969867722
2927,2405.0,1.0,0,1,1,111.0,360.0,1,0,1,0,4.709530201312334,5.886104031450156,5332.0,8.5814816812986
2507,0.0,1.0,0,0,0,56.0,360.0,1,0,0,0,4.02535169073515,5.886104031450156,2507.0,7.826842098158293
5746,0.0,1.0,2,0,1,144.0,84.0,1,1,0,1,4.969813299576001,4.430816798843313,5746.0,8.656259239539235
2473,1843.0,1.0,0,0,1,159.0,360.0,0,1,0,0,5.0689042022202315,5.886104031450156,4316.0,8.370084326378025
3399,1640.0,1.0,1,1,1,111.0,180.0,1,1,2,0,4.709530201312334,5.19295685089021,5039.0,8.524962928680598
3717,0.0,1.0,2,0,1,120.0,360.0,1,1,1,0,4.787491742782046,5.886104031450156,3717.0,8.220672170297252
2058,2134.0,1.0,0,0,1,88.0,360.0,1,1,2,0,4.477336814478207,5.886104031450156,4192.0,8.340933226000878
3541,0.0,1.0,1,0,0,112.0,360.0,1,0,1,0,4.718498871295094,5.886104031450156,3541.0,8.172164452111904
10000,0.0,1.0,1,0,1,155.0,360.0,0,1,0,1,5.043425116919247,5.886104031450156,10000.0,9.210340371976184
2400,2167.0,1.0,0,0,1,115.0,360.0,1,1,1,0,4.74493212836325,5.886104031450156,4567.0,8.426611813185
4342,189.0,1.0,3,0,1,124.0,360.0,1,1,1,0,4.820281565605037,5.886104031450156,4531.0,8.418697944667139
3601,1590.0,1.0,2,1,1,142.51153039832286,360.0,1,1,0,0,4.959422911511207,5.886104031450156,5191.0,8.55468163582723
3166,2985.0,1.0,0,0,0,132.0,360.0,1,0,0,0,4.882801922586371,5.886104031450156,6151.0,8.724369949208368
15000,0.0,1.0,3,0,1,300.0,360.0,1,1,0,0,5.703782474656201,5.886104031450156,15000.0,9.615805480084347
8666,4983.0,0.0,1,0,1,376.0,360.0,0,1,0,1,5.929589143389895,5.886104031450156,13649.0,9.521421537856195
4917,0.0,0.0,0,0,1,130.0,360.0,1,0,0,0,4.867534450455582,5.886104031450156,4917.0,8.50045386741194
5818,2160.0,1.0,0,0,1,184.0,360.0,1,1,1,1,5.214935757608986,5.886104031450156,7978.0,8.984443032465352
4333,2451.0,1.0,0,0,0,110.0,360.0,0,1,2,0,4.700480365792417,5.886104031450156,6784.0,8.822322177471738
2500,0.0,1.0,0,0,0,67.0,360.0,1,0,2,0,4.204692619390966,5.886104031450156,2500.0,7.824046010856292
4384,1793.0,1.0,1,0,1,117.0,360.0,1,0,2,0,4.762173934797756,5.886104031450156,6177.0,8.728587995695898
2935,0.0,1.0,0,0,1,98.0,360.0,1,0,1,0,4.584967478670572,5.886104031450156,2935.0,7.984462732262196
2833,0.0,1.0,0,0,1,71.0,360.0,1,0,2,0,4.2626798770413155,5.886104031450156,2833.0,7.949091499830517
63337,0.0,1.0,0,0,1,490.0,180.0,1,1,2,0,6.194405391104672,5.19295685089021,63337.0,11.05622495553552
9833,1833.0,1.0,1,0,1,182.0,180.0,1,1,2,1,5.204006687076795,5.19295685089021,11666.0,9.364433907313582
5503,4490.0,1.0,0,0,1,70.0,342.2018730489074,1,1,1,1,4.248495242049359,5.835400834993398,9993.0,9.209640126861789
5250,688.0,1.0,1,0,1,160.0,360.0,1,1,0,0,5.075173815233827,5.886104031450156,5938.0,8.689127655323706
2500,4600.0,1.0,2,0,1,176.0,360.0,1,1,0,1,5.170483995038151,5.886104031450156,7100.0,8.867850063029406
1830,0.0,0.0,3,1,0,142.51153039832286,360.0,0,0,2,0,4.959422911511207,5.886104031450156,1830.0,7.512071245835466
4160,0.0,1.0,0,0,0,71.0,360.0,1,0,1,0,4.2626798770413155,5.886104031450156,4160.0,8.333270353255308
2647,1587.0,1.0,3,1,1,173.0,360.0,0,1,0,0,5.153291594497779,5.886104031450156,4234.0,8.350902451694811
2378,0.0,1.0,0,0,0,46.0,360.0,0,0,0,0,3.828641396489095,5.886104031450156,2378.0,7.774015077250727
4554,1229.0,1.0,1,1,1,158.0,360.0,1,1,2,0,5.062595033026967,5.886104031450156,5783.0,8.662677858158219
3173,0.0,1.0,3,1,1,74.0,360.0,1,1,1,0,4.30406509320417,5.886104031450156,3173.0,8.062432791583195
2583,2330.0,1.0,2,0,1,125.0,360.0,1,1,0,0,4.8283137373023015,5.886104031450156,4913.0,8.499640032168648
2499,2458.0,1.0,0,0,1,160.0,360.0,1,1,1,0,5.075173815233827,5.886104031450156,4957.0,8.508555998020574
3523,3230.0,0.0,0,1,1,152.0,360.0,0,1,0,0,5.0238805208462765,5.886104031450156,6753.0,8.817742129574842
3083,2168.0,1.0,2,1,1,126.0,360.0,1,1,2,0,4.836281906951478,5.886104031450156,5251.0,8.566173813637858
6333,4583.0,1.0,0,0,1,259.0,360.0,1,1,1,0,5.556828061699537,5.886104031450156,10916.0,9.29798488182823
2625,6250.0,1.0,0,0,1,187.0,360.0,1,1,0,0,5.231108616854587,5.886104031450156,8875.0,9.090993614343617
9083,0.0,1.0,0,0,1,228.0,360.0,1,1,1,0,5.429345628954441,5.886104031450156,9083.0,9.114159813502214
8750,4167.0,1.0,0,0,1,308.0,360.0,0,0,0,0,5.730099782973574,5.886104031450156,12917.0,9.466299552232016
2666,2083.0,1.0,3,0,1,95.0,360.0,1,1,0,0,4.553876891600541,5.886104031450156,4749.0,8.465689348549121
5500,0.0,0.0,0,0,0,105.0,360.0,0,1,0,1,4.653960350157523,5.886104031450156,5500.0,8.612503371220562
2423,505.0,1.0,0,0,0,130.0,360.0,1,1,1,0,4.867534450455582,5.886104031450156,2928.0,7.982074875081202
3813,0.0,1.0,0,0,0,116.0,180.0,1,0,2,0,4.7535901911063645,5.19295685089021,3813.0,8.246171559857563
8333,3167.0,1.0,2,0,1,165.0,360.0,1,1,0,0,5.10594547390058,5.886104031450156,11500.0,9.350102314351341
3875,0.0,1.0,1,0,1,67.0,360.0,0,1,2,0,4.204692619390966,5.886104031450156,3875.0,8.262300941787448
3000,1666.0,0.0,0,1,1,100.0,480.0,0,1,2,0,4.605170185988092,6.173786103901937,4666.0,8.448057452581375
5167,3167.0,1.0,3,0,1,200.0,360.0,1,1,1,0,5.298317366548036,5.886104031450156,8334.0,9.0280988119824
4723,0.0,1.0,1,0,0,81.0,360.0,0,0,1,0,4.394449154672439,5.886104031450156,4723.0,8.460199469896118
5000,3667.0,1.0,2,0,1,236.0,360.0,1,1,1,0,5.4638318050256105,5.886104031450156,8667.0,9.067277989134345
4750,2333.0,1.0,0,0,1,130.0,360.0,1,1,2,0,4.867534450455582,5.886104031450156,7083.0,8.865452825753623
3013,3033.0,1.0,0,0,1,95.0,300.0,1,1,2,0,4.553876891600541,5.703782474656201,6046.0,8.707152175339404
6822,0.0,1.0,0,0,1,141.0,360.0,1,0,0,1,4.948759890378168,5.886104031450156,6822.0,8.82790796297859
6216,0.0,1.0,0,1,1,133.0,360.0,0,0,0,0,4.890349128221754,5.886104031450156,6216.0,8.734881892047483
2500,0.0,1.0,0,0,1,96.0,480.0,0,0,1,0,4.564348191467836,6.173786103901937,2500.0,7.824046010856292
5124,0.0,0.0,0,0,1,124.0,342.2018730489074,0,0,0,0,4.820281565605037,5.835400834993398,5124.0,8.541690663016626
6325,0.0,1.0,1,0,1,175.0,360.0,1,1,1,0,5.1647859739235145,5.886104031450156,6325.0,8.752265313595721
19730,5266.0,1.0,0,0,1,570.0,360.0,0,1,0,0,6.345636360828596,5.886104031450156,24996.0,10.126471091048971
15759,0.0,1.0,0,0,0,55.0,360.0,1,0,1,1,4.007333185232471,5.886104031450156,15759.0,9.665166909622071
5185,0.0,1.0,2,0,1,155.0,360.0,1,1,1,0,5.043425116919247,5.886104031450156,5185.0,8.553525120663627
9323,7873.0,1.0,2,0,1,380.0,300.0,1,1,0,1,5.940171252720432,5.703782474656201,17196.0,9.752432077616172
3062,1987.0,0.0,1,0,1,111.0,180.0,0,0,2,0,4.709530201312334,5.19295685089021,5049.0,8.526945482858915
2764,1459.0,1.0,0,0,0,110.0,360.0,1,0,2,0,4.700480365792417,5.886104031450156,4223.0,8.348301054933943
4817,923.0,1.0,0,0,1,120.0,180.0,1,1,2,0,4.787491742782046,5.19295685089021,5740.0,8.655214489313613
8750,4996.0,1.0,3,0,1,130.0,360.0,1,1,0,0,4.867534450455582,5.886104031450156,13746.0,9.52850315168155
4310,0.0,1.0,0,0,1,130.0,360.0,1,1,1,0,4.867534450455582,5.886104031450156,4310.0,8.368693183097793
3069,0.0,1.0,0,0,1,71.0,480.0,0,0,2,0,4.2626798770413155,6.173786103901937,3069.0,8.029107054619736
5391,0.0,1.0,2,0,1,130.0,360.0,1,1,2,0,4.867534450455582,5.886104031450156,5391.0,8.592486175451668
3333,2500.0,1.0,0,0,1,128.0,360.0,1,1,1,0,4.852030263919617,5.886104031450156,5833.0,8.671286726753637
5941,4232.0,1.0,0,0,1,296.0,360.0,1,0,1,0,5.69035945432406,5.886104031450156,10173.0,9.227492430793749
6000,0.0,1.0,0,0,0,156.0,360.0,1,0,2,0,5.049856007249537,5.886104031450156,6000.0,8.699514748210191
7167,0.0,1.0,0,0,1,128.0,360.0,1,0,2,1,4.852030263919617,5.886104031450156,7167.0,8.877242435993919
4566,0.0,1.0,2,0,1,100.0,360.0,0,1,2,0,4.605170185988092,5.886104031450156,4566.0,8.42639282708974
3667,0.0,1.0,1,0,1,113.0,180.0,1,0,2,0,4.727387818712341,5.19295685089021,3667.0,8.207129168071326
2346,1600.0,1.0,0,1,1,132.0,360.0,1,0,1,0,4.882801922586371,5.886104031450156,3946.0,8.28045768658256
3010,3136.0,0.0,0,1,1,142.51153039832286,360.0,0,1,2,0,4.959422911511207,5.886104031450156,6146.0,8.72355674269043
2333,2417.0,1.0,0,0,1,136.0,360.0,1,1,2,0,4.912654885736052,5.886104031450156,4750.0,8.465899897028686
5488,0.0,1.0,0,0,1,125.0,360.0,1,1,0,0,4.8283137373023015,5.886104031450156,5488.0,8.610319169405722
9167,0.0,1.0,3,0,1,185.0,360.0,1,0,0,0,5.220355825078324,5.886104031450156,9167.0,9.123365357961776
9504,0.0,1.0,3,0,1,275.0,360.0,1,1,0,0,5.616771097666572,5.886104031450156,9504.0,9.159468041602427
2583,2115.0,1.0,0,0,1,120.0,360.0,1,1,2,0,4.787491742782046,5.886104031450156,4698.0,8.454892165218858
1993,1625.0,1.0,2,1,1,113.0,180.0,1,1,1,0,4.727387818712341,5.19295685089021,3618.0,8.193676665955241
3100,1400.0,1.0,2,0,1,113.0,360.0,1,1,2,0,4.727387818712341,5.886104031450156,4500.0,8.411832675758411
3276,484.0,1.0,2,0,1,135.0,360.0,1,1,1,0,4.90527477843843,5.886104031450156,3760.0,8.23217423638394
3180,0.0,0.0,0,0,0,71.0,360.0,0,0,2,0,4.2626798770413155,5.886104031450156,3180.0,8.064636475774222
3033,1459.0,1.0,0,0,1,95.0,360.0,1,1,2,0,4.553876891600541,5.886104031450156,4492.0,8.410053315858335
3902,1666.0,1.0,0,1,1,109.0,360.0,1,0,0,0,4.6913478822291435,5.886104031450156,5568.0,8.624791202014256
1500,1800.0,0.0,0,0,0,103.0,360.0,0,0,1,0,4.634728988229636,5.886104031450156,3300.0,8.101677747454572
2889,0.0,0.0,2,1,1,45.0,180.0,0,1,2,0,3.8066624897703196,5.19295685089021,2889.0,7.968665700466235
2755,0.0,1.0,0,1,1,65.0,300.0,0,0,0,0,4.174387269895637,5.703782474656201,2755.0,7.9211727215870145
2500,20000.0,1.0,0,0,1,103.0,360.0,1,0,1,0,4.634728988229636,5.886104031450156,22500.0,10.021270588192511
1963,0.0,1.0,0,1,0,53.0,360.0,1,0,1,0,3.970291913552122,5.886104031450156,1963.0,7.5822291942764615
7441,0.0,1.0,0,0,0,194.0,360.0,0,0,0,1,5.267858159063328,5.886104031450156,7441.0,8.914760527397261
4547,0.0,1.0,0,0,0,115.0,360.0,1,0,1,0,4.74493212836325,5.886104031450156,4547.0,8.42222295382501
2167,2400.0,1.0,0,1,1,115.0,360.0,1,1,2,0,4.74493212836325,5.886104031450156,4567.0,8.426611813185
2213,0.0,1.0,0,1,0,66.0,360.0,1,0,0,0,4.189654742026425,5.886104031450156,2213.0,7.70210434005105
8300,0.0,0.0,1,0,1,152.0,300.0,0,1,1,0,5.0238805208462765,5.703782474656201,8300.0,9.02401079378469
81000,0.0,0.0,3,0,1,360.0,360.0,0,1,0,0,5.886104031450156,5.886104031450156,81000.0,11.302204433654575
3867,0.0,1.0,1,1,0,62.0,360.0,0,0,1,1,4.127134385045092,5.886104031450156,3867.0,8.260234291607297
6256,0.0,1.0,0,0,1,160.0,360.0,1,1,2,0,5.075173815233827,5.886104031450156,6256.0,8.741296282225147
6096,0.0,0.0,0,1,1,218.0,360.0,0,1,0,0,5.384495062789089,5.886104031450156,6096.0,8.715388097366482
2253,2033.0,1.0,0,1,1,110.0,360.0,1,1,0,0,4.700480365792417,5.886104031450156,4286.0,8.363109176033522
2149,3237.0,0.0,0,1,0,178.0,360.0,0,1,1,0,5.181783550292085,5.886104031450156,5386.0,8.591558273371545
2995,0.0,1.0,0,0,0,60.0,360.0,1,0,2,0,4.0943445622221,5.886104031450156,2995.0,8.00469951054955
2600,0.0,1.0,1,0,0,160.0,360.0,0,0,2,0,5.075173815233827,5.886104031450156,2600.0,7.8632667240095735
1600,20000.0,1.0,2,0,1,239.0,360.0,0,1,2,1,5.476463551931511,5.886104031450156,21600.0,9.980448593672257
1025,2773.0,1.0,0,0,1,112.0,360.0,1,1,0,0,4.718498871295094,5.886104031450156,3798.0,8.242229891372231
3246,1417.0,1.0,0,0,1,138.0,360.0,1,1,1,0,4.927253685157205,5.886104031450156,4663.0,8.44741429680832
5829,0.0,1.0,0,0,1,138.0,360.0,1,1,0,0,4.927253685157205,5.886104031450156,5829.0,8.67060073804555
2720,0.0,0.0,0,1,0,80.0,342.2018730489074,0,0,2,0,4.382026634673881,5.835400834993398,2720.0,7.908387159290043
1820,1719.0,1.0,0,0,1,100.0,360.0,1,1,2,0,4.605170185988092,5.886104031450156,3539.0,8.171599480345463
7250,1667.0,0.0,1,0,1,110.0,342.2018730489074,0,1,2,0,4.700480365792417,5.835400834993398,8917.0,9.095714846134879
14880,0.0,1.0,0,0,1,96.0,360.0,1,1,1,0,4.564348191467836,5.886104031450156,14880.0,9.607773308387083
2666,4300.0,1.0,0,0,1,121.0,360.0,1,1,0,0,4.795790545596741,5.886104031450156,6966.0,8.848796450925947
4606,0.0,1.0,1,1,0,81.0,360.0,0,0,0,0,4.394449154672439,5.886104031450156,4606.0,8.43511508038063
5935,0.0,1.0,2,0,1,133.0,360.0,1,1,1,0,4.890349128221754,5.886104031450156,5935.0,8.688622307043769
2920,16.12000084,1.0,0,0,1,87.0,360.0,1,1,0,0,4.465908118654584,5.886104031450156,2936.12000084,7.984844261119869
2717,0.0,1.0,0,1,1,60.0,180.0,1,0,2,0,4.0943445622221,5.19295685089021,2717.0,7.907283609426348
8624,0.0,1.0,1,0,0,150.0,360.0,1,0,1,1,5.0106352940962555,5.886104031450156,8624.0,9.06230429314878
6500,0.0,0.0,0,0,1,105.0,360.0,0,0,0,0,4.653960350157523,5.886104031450156,6500.0,8.779557455883728
12876,0.0,1.0,0,0,1,405.0,360.0,1,0,1,0,6.003887067106539,5.886104031450156,12876.0,9.463120392418698
2425,2340.0,1.0,0,0,1,143.0,360.0,1,1,1,0,4.962844630259907,5.886104031450156,4765.0,8.469052816088302
3750,0.0,1.0,0,0,1,100.0,360.0,1,0,2,0,4.605170185988092,5.886104031450156,3750.0,8.229511118964457
10047,0.0,1.0,0,0,0,142.51153039832286,240.0,1,1,1,0,4.959422911511207,5.480638923341991,10047.0,9.215029361462314
1926,1851.0,1.0,0,0,1,50.0,360.0,1,0,1,0,3.912023005428146,5.886104031450156,3777.0,8.236685322712457
2213,1125.0,1.0,0,0,1,142.51153039832286,360.0,1,1,2,0,4.959422911511207,5.886104031450156,3338.0,8.11312710422178
10416,0.0,0.0,0,0,1,187.0,360.0,0,0,2,1,5.231108616854587,5.886104031450156,10416.0,9.251098364448351
7142,0.0,1.0,0,1,0,138.0,360.0,1,1,0,1,4.927253685157205,5.886104031450156,7142.0,8.873748128154395
3660,5064.0,1.0,0,0,1,187.0,360.0,1,0,1,0,5.231108616854587,5.886104031450156,8724.0,9.07383312732152
7901,1833.0,1.0,0,0,1,180.0,360.0,1,1,0,0,5.19295685089021,5.886104031450156,9734.0,9.1833801903934
4707,1993.0,1.0,3,1,1,148.0,360.0,1,0,1,0,4.997212273764115,5.886104031450156,6700.0,8.809862805379057
37719,0.0,1.0,1,0,1,152.0,360.0,1,0,1,0,5.0238805208462765,5.886104031450156,37719.0,10.537919225261291
7333,8333.0,1.0,0,0,1,175.0,300.0,1,1,0,0,5.1647859739235145,5.703782474656201,15666.0,9.659248037927183
3466,1210.0,1.0,1,0,1,130.0,360.0,1,1,0,1,4.867534450455582,5.886104031450156,4676.0,8.450198322591959
4652,0.0,1.0,2,1,1,110.0,360.0,1,1,0,0,4.700480365792417,5.886104031450156,4652.0,8.445052513638554
3539,1376.0,1.0,0,0,1,55.0,360.0,0,1,0,0,4.007333185232471,5.886104031450156,4915.0,8.500047032581268
3340,1710.0,0.0,2,0,1,150.0,360.0,0,1,0,0,5.0106352940962555,5.886104031450156,5050.0,8.527143522269405
2769,1542.0,1.0,1,1,1,190.0,360.0,0,0,1,1,5.247024072160486,5.886104031450156,4311.0,8.368925174747135
2309,1255.0,0.0,2,1,1,125.0,360.0,0,1,0,0,4.8283137373023015,5.886104031450156,3564.0,8.1786387885907
1958,1456.0,1.0,2,1,1,60.0,300.0,1,1,2,0,4.0943445622221,5.703782474656201,3414.0,8.135639903354386
3948,1733.0,0.0,0,0,1,149.0,360.0,0,1,0,0,5.003946305945459,5.886104031450156,5681.0,8.644882552557126
2483,2466.0,0.0,0,0,1,90.0,180.0,1,1,0,0,4.499809670330265,5.19295685089021,4949.0,8.506940814951886
7085,0.0,1.0,0,0,1,84.0,360.0,1,0,1,1,4.430816798843313,5.886104031450156,7085.0,8.865735152124781
3859,0.0,1.0,2,0,1,96.0,360.0,1,1,1,0,4.564348191467836,5.886104031450156,3859.0,8.258163361537619
4301,0.0,1.0,0,0,1,118.0,360.0,1,1,2,0,4.770684624465665,5.886104031450156,4301.0,8.366602832783736
3708,2569.0,1.0,0,0,1,173.0,360.0,0,1,2,0,5.153291594497779,5.886104031450156,6277.0,8.744647438317532
4354,0.0,1.0,2,0,1,136.0,360.0,1,0,0,0,4.912654885736052,5.886104031450156,4354.0,8.378850241794492
8334,0.0,1.0,0,0,1,160.0,360.0,0,1,1,0,5.075173815233827,5.886104031450156,8334.0,9.0280988119824
2083,4083.0,1.0,0,0,1,160.0,360.0,1,1,1,1,5.075173815233827,5.886104031450156,6166.0,8.726805608446096
7740,0.0,1.0,3,0,1,128.0,180.0,1,1,2,0,4.852030263919617,5.19295685089021,7740.0,8.954156966583772
3015,2188.0,1.0,0,0,1,153.0,360.0,1,1,0,0,5.030437921392435,5.886104031450156,5203.0,8.556990661290303
5191,0.0,1.0,1,1,0,132.0,360.0,1,0,1,0,4.882801922586371,5.886104031450156,5191.0,8.55468163582723
4166,0.0,0.0,0,0,1,98.0,360.0,0,0,1,0,4.584967478670572,5.886104031450156,4166.0,8.334711621820917
6000,0.0,1.0,0,0,1,140.0,360.0,1,0,0,0,4.941642422609304,5.886104031450156,6000.0,8.699514748210191
2947,1664.0,0.0,3,1,1,70.0,180.0,0,1,2,0,4.248495242049359,5.19295685089021,4611.0,8.436200032206706
16692,0.0,1.0,0,0,1,110.0,360.0,1,1,1,0,4.700480365792417,5.886104031450156,16692.0,9.722684841711443
210,2917.0,1.0,2,1,0,98.0,360.0,1,1,1,0,4.584967478670572,5.886104031450156,3127.0,8.047829357457841
4333,2451.0,1.0,0,0,1,110.0,360.0,0,1,2,0,4.700480365792417,5.886104031450156,6784.0,8.822322177471738
3450,2079.0,1.0,1,0,1,162.0,360.0,1,1,1,1,5.087596335232384,5.886104031450156,5529.0,8.617762246337932
2653,1500.0,0.0,1,1,1,113.0,180.0,0,1,0,0,4.727387818712341,5.19295685089021,4153.0,8.331586243630754
4691,0.0,1.0,3,0,1,100.0,360.0,1,1,1,0,4.605170185988092,5.886104031450156,4691.0,8.453401058328458
2500,0.0,1.0,0,0,0,93.0,360.0,1,0,2,1,4.532599493153256,5.886104031450156,2500.0,7.824046010856292
5532,4648.0,1.0,2,0,1,162.0,360.0,1,0,0,0,5.087596335232384,5.886104031450156,10180.0,9.228180290104513
16525,1014.0,1.0,2,0,1,150.0,360.0,1,1,0,1,5.0106352940962555,5.886104031450156,17539.0,9.772182251758139
6700,1750.0,1.0,2,0,1,230.0,300.0,1,1,1,0,5.438079308923196,5.703782474656201,8450.0,9.041921720351219
2873,1872.0,0.0,2,0,1,132.0,360.0,0,1,1,0,4.882801922586371,5.886104031450156,4745.0,8.464846711044029
16667,2250.0,1.0,1,0,1,86.0,360.0,1,1,1,1,4.454347296253507,5.886104031450156,18917.0,9.847816267665664
2947,1603.0,1.0,2,0,1,142.51153039832286,360.0,0,1,2,0,4.959422911511207,5.886104031450156,4550.0,8.422882511944996
4350,0.0,1.0,0,1,0,154.0,360.0,1,0,0,0,5.0369526024136295,5.886104031450156,4350.0,8.37793112408273
3095,0.0,1.0,3,1,1,113.0,360.0,1,1,0,0,4.727387818712341,5.886104031450156,3095.0,8.037543185118697
2083,3150.0,1.0,0,0,1,128.0,360.0,1,1,1,0,4.852030263919617,5.886104031450156,5233.0,8.562740006372207
10833,0.0,1.0,0,0,1,234.0,360.0,1,1,1,0,5.455321115357702,5.886104031450156,10833.0,9.290352309945568
8333,0.0,1.0,2,0,1,246.0,360.0,1,1,1,0,5.5053315359323625,5.886104031450156,8333.0,9.027978814382207
1958,2436.0,1.0,1,1,1,131.0,360.0,1,1,0,0,4.875197323201151,5.886104031450156,4394.0,8.387995252944556
3547,0.0,0.0,2,0,1,80.0,360.0,0,0,0,0,4.382026634673881,5.886104031450156,3547.0,8.173857454773621
18333,0.0,1.0,1,0,1,500.0,360.0,0,1,2,0,6.214608098422191,5.886104031450156,18333.0,9.816457993563025
4583,2083.0,1.0,2,0,1,160.0,360.0,1,1,1,1,5.075173815233827,5.886104031450156,6666.0,8.804775258867686
2435,0.0,1.0,0,0,1,75.0,360.0,0,0,2,0,4.31748811353631,5.886104031450156,2435.0,7.79770203551669
2699,2785.0,1.0,0,1,1,96.0,360.0,1,0,1,0,4.564348191467836,5.886104031450156,5484.0,8.609590040682205
5333,1131.0,1.0,1,1,1,186.0,360.0,1,1,2,0,5.225746673713202,5.886104031450156,6464.0,8.774003600200931
3691,0.0,1.0,0,1,1,110.0,360.0,1,0,0,0,4.700480365792417,5.886104031450156,3691.0,8.213652703029998
17263,0.0,1.0,0,1,0,225.0,360.0,1,0,1,1,5.41610040220442,5.886104031450156,17263.0,9.756320761816548
3597,2157.0,0.0,0,0,1,119.0,360.0,0,1,0,0,4.77912349311153,5.886104031450156,5754.0,8.657650544111494
3326,913.0,1.0,1,0,0,105.0,84.0,1,1,1,0,4.653960350157523,4.430816798843313,4239.0,8.352082671352637
2600,1700.0,1.0,0,1,1,107.0,360.0,1,1,0,0,4.672828834461906,5.886104031450156,4300.0,8.366370301681654
4625,2857.0,1.0,0,0,1,111.0,12.0,1,1,2,0,4.709530201312334,2.4849066497880004,7482.0,8.920255414908091
2895,0.0,1.0,1,0,1,95.0,360.0,1,1,1,1,4.553876891600541,5.886104031450156,2895.0,7.970740390007095
6283,4416.0,0.0,0,0,1,209.0,360.0,0,0,0,0,5.342334251964811,5.886104031450156,10699.0,9.277905558138606
645,3683.0,1.0,0,0,0,113.0,480.0,1,0,0,0,4.727387818712341,6.173786103901937,4328.0,8.372860820526318
3159,0.0,1.0,0,0,0,100.0,360.0,1,0,1,0,4.605170185988092,5.886104031450156,3159.0,8.058010800802085
4865,5624.0,1.0,2,0,1,208.0,360.0,1,1,1,0,5.337538079701318,5.886104031450156,10489.0,9.258082367961604
4050,5302.0,1.0,1,1,1,138.0,360.0,0,1,0,0,4.927253685157205,5.886104031450156,9352.0,9.143345503151904
3814,1483.0,1.0,0,1,1,124.0,300.0,1,1,1,0,4.820281565605037,5.703782474656201,5297.0,8.574895901544526
3510,4416.0,1.0,2,0,1,243.0,360.0,1,1,0,0,5.493061443340548,5.886104031450156,7926.0,8.97790377375038
20833,6667.0,1.0,0,0,1,480.0,360.0,1,1,2,0,6.173786103901937,5.886104031450156,27500.0,10.221941283654663
3583,0.0,1.0,0,0,1,96.0,360.0,0,0,2,0,4.564348191467836,5.886104031450156,3583.0,8.183955717304954
2479,3013.0,1.0,0,0,1,188.0,360.0,1,1,2,1,5.236441962829949,5.886104031450156,5492.0,8.61104776688786
13262,0.0,1.0,1,0,0,40.0,360.0,1,0,2,0,3.6888794541139363,5.886104031450156,13262.0,9.492658081928813
3598,1287.0,1.0,0,1,1,100.0,360.0,0,0,0,0,4.605170185988092,5.886104031450156,4885.0,8.493924564476883
6065,2004.0,1.0,1,0,1,250.0,360.0,1,1,1,0,5.521460917862246,5.886104031450156,8069.0,8.995784837848506
3283,2035.0,1.0,2,0,1,148.0,360.0,1,1,2,0,4.997212273764115,5.886104031450156,5318.0,8.578852571802965
2130,6666.0,1.0,0,0,1,70.0,180.0,0,1,1,0,4.248495242049359,5.19295685089021,8796.0,9.082052351674651
5815,3666.0,1.0,0,0,1,311.0,360.0,0,0,0,0,5.739792912179234,5.886104031450156,9481.0,9.15704507491796
3466,3428.0,1.0,3,0,1,150.0,360.0,1,1,0,0,5.0106352940962555,5.886104031450156,6894.0,8.83840674707681
2031,1632.0,1.0,2,0,0,113.0,480.0,1,1,1,0,4.727387818712341,6.173786103901937,3663.0,8.206037762778815
3074,1800.0,0.0,0,1,1,123.0,360.0,0,1,1,0,4.812184355372417,5.886104031450156,4874.0,8.491670234185152
4683,1915.0,1.0,0,0,1,185.0,360.0,0,0,1,0,5.220355825078324,5.886104031450156,6598.0,8.794521851788527
3400,0.0,1.0,0,1,0,95.0,360.0,0,0,0,0,4.553876891600541,5.886104031450156,3400.0,8.131530710604252
2192,1742.0,1.0,2,1,1,45.0,360.0,1,1,1,0,3.8066624897703196,5.886104031450156,3934.0,8.277411998949004
2500,0.0,1.0,0,0,1,55.0,360.0,1,0,1,0,4.007333185232471,5.886104031450156,2500.0,7.824046010856292
5677,1424.0,1.0,3,0,1,100.0,360.0,1,1,0,1,4.605170185988092,5.886104031450156,7101.0,8.867990898182093
7948,7166.0,1.0,2,0,1,480.0,360.0,1,1,0,1,6.173786103901937,5.886104031450156,15114.0,9.623376745580666
4680,2087.0,1.0,0,0,1,142.51153039832286,360.0,0,0,1,0,4.959422911511207,5.886104031450156,6767.0,8.819813136232225
17500,0.0,1.0,2,0,1,400.0,360.0,1,1,0,1,5.991464547107982,5.886104031450156,17500.0,9.769956159911606
3775,0.0,1.0,0,0,1,110.0,360.0,1,1,1,0,4.700480365792417,5.886104031450156,3775.0,8.236155661683124
5285,1430.0,0.0,1,1,1,161.0,360.0,1,1,1,0,5.081404364984463,5.886104031450156,6715.0,8.812099108957337
2679,1302.0,1.0,1,1,1,94.0,360.0,1,0,1,0,4.543294782270004,5.886104031450156,3981.0,8.289288323000317
6783,0.0,1.0,0,1,1,130.0,360.0,1,0,1,0,4.867534450455582,5.886104031450156,6783.0,8.82217476094608
1025,5500.0,1.0,0,0,1,216.0,360.0,1,1,0,0,5.375278407684165,5.886104031450156,6525.0,8.783396232190894
4281,0.0,1.0,3,0,1,100.0,360.0,1,1,2,0,4.605170185988092,5.886104031450156,4281.0,8.361941906144946
3588,0.0,0.0,2,0,1,110.0,360.0,0,0,0,0,4.700480365792417,5.886104031450156,3588.0,8.185350223178686
11250,0.0,1.0,1,0,1,196.0,360.0,0,0,1,0,5.278114659230517,5.886104031450156,11250.0,9.328123407632566
18165,0.0,1.0,0,1,0,125.0,360.0,1,0,2,1,4.8283137373023015,5.886104031450156,18165.0,9.807251944655302
2550,2042.0,1.0,0,1,1,126.0,360.0,1,0,0,0,4.836281906951478,5.886104031450156,4592.0,8.432070937999402
6133,3906.0,1.0,0,0,1,324.0,360.0,1,1,2,0,5.780743515792329,5.886104031450156,10039.0,9.214232786691527
3617,0.0,1.0,2,0,1,107.0,360.0,1,0,1,0,4.672828834461906,5.886104031450156,3617.0,8.193400231952097
2917,536.0,1.0,0,1,1,66.0,360.0,0,1,0,0,4.189654742026425,5.886104031450156,3453.0,8.146998697389993
6417,0.0,1.0,3,0,1,157.0,180.0,1,1,0,0,5.056245805348308,5.19295685089021,6417.0,8.766705997750515
4608,2845.0,1.0,1,0,0,140.0,180.0,1,1,1,0,4.941642422609304,5.19295685089021,7453.0,8.916371914881694
2138,0.0,0.0,0,0,0,99.0,360.0,0,0,1,0,4.59511985013459,5.886104031450156,2138.0,7.6676260915849905
3652,0.0,1.0,1,0,0,95.0,360.0,1,0,1,0,4.553876891600541,5.886104031450156,3652.0,8.20303024171486
2239,2524.0,1.0,1,1,1,128.0,360.0,1,1,2,0,4.852030263919617,5.886104031450156,4763.0,8.46863300080086
3017,663.0,1.0,0,1,0,102.0,360.0,1,1,1,0,4.624972813284271,5.886104031450156,3680.0,8.210668031162976
2768,1950.0,1.0,0,0,1,155.0,360.0,1,1,0,0,5.043425116919247,5.886104031450156,4718.0,8.45914025996762
3358,0.0,1.0,0,1,1,80.0,36.0,0,0,1,0,4.382026634673881,3.58351893845611,3358.0,8.119100837637486
2526,1783.0,1.0,0,0,1,145.0,360.0,1,0,0,0,4.976733742420574,5.886104031450156,4309.0,8.368461137615839
5000,0.0,0.0,0,0,0,103.0,360.0,0,0,1,0,4.634728988229636,5.886104031450156,5000.0,8.517193191416238
2785,2016.0,1.0,0,0,1,110.0,360.0,1,1,0,0,4.700480365792417,5.886104031450156,4801.0,8.476579508530941
6633,0.0,0.0,2,0,1,142.51153039832286,360.0,0,1,0,1,4.959422911511207,5.886104031450156,6633.0,8.799812469525556
2492,2375.0,1.0,1,1,1,142.51153039832286,360.0,1,1,0,0,4.959422911511207,5.886104031450156,4867.0,8.490233009833455
3333,3250.0,1.0,1,0,1,158.0,360.0,1,1,2,0,5.062595033026967,5.886104031450156,6583.0,8.792245847467877
2454,2333.0,0.0,0,1,1,181.0,360.0,0,1,2,0,5.198497031265826,5.886104031450156,4787.0,8.473659189392508
3593,4266.0,0.0,0,0,1,132.0,180.0,0,1,0,0,4.882801922586371,5.19295685089021,7859.0,8.969414650866176
5468,1032.0,1.0,1,0,1,26.0,360.0,1,1,1,0,3.258096538021482,5.886104031450156,6500.0,8.779557455883728
2667,1625.0,1.0,0,0,0,84.0,360.0,1,0,2,0,4.430816798843313,5.886104031450156,4292.0,8.36450810375059
10139,0.0,1.0,3,0,1,260.0,360.0,1,1,1,1,5.560681631015528,5.886104031450156,10139.0,9.22414465295258
3887,2669.0,1.0,0,0,1,162.0,360.0,1,1,1,0,5.087596335232384,5.886104031450156,6556.0,8.78813593986372
4180,2306.0,1.0,0,0,0,182.0,360.0,1,1,1,0,5.204006687076795,5.886104031450156,6486.0,8.777401286867264
3675,242.0,1.0,2,1,1,108.0,360.0,1,1,1,0,4.68213122712422,5.886104031450156,3917.0,8.27308133366583
19484,0.0,1.0,1,0,0,600.0,360.0,1,1,1,1,6.396929655216146,5.886104031450156,19484.0,9.877348894926433
5923,2054.0,1.0,0,0,1,211.0,360.0,1,1,0,0,5.351858133476067,5.886104031450156,7977.0,8.984317679911129
5800,0.0,1.0,0,1,1,132.0,360.0,1,0,1,1,4.882801922586371,5.886104031450156,5800.0,8.66561319653451
8799,0.0,0.0,2,0,1,258.0,360.0,0,1,2,0,5.552959584921617,5.886104031450156,8799.0,9.08239335764556
4467,0.0,1.0,0,1,1,120.0,360.0,1,1,0,0,4.787491742782046,5.886104031450156,4467.0,8.404472321352118
3333,0.0,1.0,0,0,1,70.0,360.0,1,0,2,0,4.248495242049359,5.886104031450156,3333.0,8.11162807830774
3400,2500.0,0.0,3,0,1,123.0,360.0,0,1,0,0,4.812184355372417,5.886104031450156,5900.0,8.68270762989381
2378,0.0,1.0,0,0,0,9.0,360.0,0,0,2,0,2.1972245773362196,5.886104031450156,2378.0,7.774015077250727
3166,2064.0,0.0,0,0,1,104.0,360.0,0,1,2,0,4.6443908991413725,5.886104031450156,5230.0,8.56216655705897
3417,1750.0,1.0,1,0,1,186.0,360.0,1,1,2,0,5.225746673713202,5.886104031450156,5167.0,8.550047528287184
5116,1451.0,0.0,0,0,1,165.0,360.0,0,1,2,0,5.10594547390058,5.886104031450156,6567.0,8.789812386190972
16666,0.0,1.0,2,0,1,275.0,360.0,1,1,2,0,5.616771097666572,5.886104031450156,16666.0,9.721125994942152
6125,1625.0,1.0,2,1,1,187.0,480.0,0,1,1,0,5.231108616854587,6.173786103901937,7750.0,8.955448122347393
6406,0.0,1.0,3,0,1,150.0,360.0,0,1,1,0,5.0106352940962555,5.886104031450156,6406.0,8.764990330169104
3159,461.0,1.0,2,0,1,108.0,84.0,1,1,2,0,4.68213122712422,4.430816798843313,3620.0,8.194229304819817
3087,2210.0,0.0,0,0,1,136.0,360.0,0,1,1,0,4.912654885736052,5.886104031450156,5297.0,8.574895901544526
3229,2739.0,1.0,0,0,1,110.0,360.0,1,0,2,0,4.700480365792417,5.886104031450156,5968.0,8.694167141883597
1782,2232.0,1.0,1,0,1,107.0,360.0,1,1,0,0,4.672828834461906,5.886104031450156,4014.0,8.297543529356284
3182,2917.0,1.0,0,0,1,161.0,360.0,1,0,2,0,5.081404364984463,5.886104031450156,6099.0,8.715880102296456
6540,0.0,1.0,2,0,1,205.0,360.0,1,1,1,0,5.3230099791384085,5.886104031450156,6540.0,8.785692444451245
1836,33837.0,1.0,0,0,1,90.0,360.0,0,0,2,0,4.499809670330265,5.886104031450156,35673.0,10.482149379105689
3166,0.0,1.0,0,0,0,36.0,360.0,1,1,1,0,3.58351893845611,5.886104031450156,3166.0,8.060224240440958
1880,0.0,1.0,1,0,1,61.0,360.0,0,1,0,0,4.110873864173311,5.886104031450156,1880.0,7.539027055823995
2787,1917.0,0.0,1,0,1,146.0,360.0,0,1,0,0,4.983606621708336,5.886104031450156,4704.0,8.456168489578463
4283,3000.0,1.0,1,0,1,172.0,84.0,0,1,0,0,5.147494476813453,4.430816798843313,7283.0,8.893298144217916
2297,1522.0,1.0,0,0,1,104.0,360.0,1,1,2,0,4.6443908991413725,5.886104031450156,3819.0,8.247743887225516
2165,0.0,1.0,0,1,0,70.0,360.0,1,0,1,0,4.248495242049359,5.886104031450156,2165.0,7.68017564043659
4750,0.0,1.0,0,0,1,94.0,360.0,1,0,1,0,4.543294782270004,5.886104031450156,4750.0,8.465899897028686
2726,0.0,0.0,2,0,1,106.0,360.0,0,1,1,1,4.663439094112067,5.886104031450156,2726.0,7.9105906122564775
3000,3416.0,1.0,0,0,1,56.0,180.0,1,1,1,0,4.02535169073515,5.19295685089021,6416.0,8.766550149546351
6000,0.0,1.0,2,0,1,205.0,240.0,0,1,1,1,5.3230099791384085,5.480638923341991,6000.0,8.699514748210191
9357,0.0,1.0,3,0,1,292.0,360.0,1,0,1,1,5.676753802268282,5.886104031450156,9357.0,9.143880005275912
3859,3300.0,1.0,0,0,1,142.0,180.0,1,1,0,0,4.955827057601261,5.19295685089021,7159.0,8.876125585396185
16120,0.0,1.0,0,0,1,260.0,360.0,1,1,2,1,5.560681631015528,5.886104031450156,16120.0,9.68781601606062
3833,0.0,1.0,0,1,1,110.0,360.0,1,0,0,0,4.700480365792417,5.886104031450156,3833.0,8.251403065380556
6383,1000.0,1.0,2,1,1,187.0,360.0,0,1,0,1,5.231108616854587,5.886104031450156,7383.0,8.906935339059165
2987,0.0,0.0,0,0,1,88.0,360.0,0,0,1,0,4.477336814478207,5.886104031450156,2987.0,8.00202481821611
9963,0.0,1.0,0,0,1,180.0,360.0,1,1,0,1,5.19295685089021,5.886104031450156,9963.0,9.206633510044856
5780,0.0,1.0,2,0,1,192.0,360.0,1,1,2,0,5.2574953720277815,5.886104031450156,5780.0,8.662158961666423
416,41667.0,1.0,3,0,0,350.0,180.0,0,0,2,0,5.857933154483459,5.19295685089021,42083.0,10.647399137646048
2894,2792.0,1.0,0,1,1,155.0,360.0,1,1,0,0,5.043425116919247,5.886104031450156,5686.0,8.645762292210945
5703,0.0,1.0,3,0,1,128.0,360.0,1,1,2,0,4.852030263919617,5.886104031450156,5703.0,8.648747631156539
3676,4301.0,1.0,0,0,1,172.0,360.0,1,0,0,0,5.147494476813453,5.886104031450156,7977.0,8.984317679911129
12000,0.0,1.0,1,0,0,496.0,360.0,1,1,1,0,6.206575926724928,5.886104031450156,12000.0,9.392661928770137
2400,3800.0,1.0,0,1,1,142.51153039832286,180.0,0,1,2,0,4.959422911511207,5.19295685089021,6200.0,8.732304571033183
3400,2500.0,1.0,1,0,1,173.0,360.0,1,1,1,0,5.153291594497779,5.886104031450156,5900.0,8.68270762989381
3987,1411.0,1.0,2,1,1,157.0,360.0,1,1,0,0,5.056245805348308,5.886104031450156,5398.0,8.59378379357795
3232,1950.0,1.0,0,0,1,108.0,360.0,1,1,0,0,4.68213122712422,5.886104031450156,5182.0,8.552946361122055
2900,0.0,1.0,0,0,0,71.0,360.0,1,0,0,0,4.2626798770413155,5.886104031450156,2900.0,7.9724660159745655
4106,0.0,1.0,3,0,1,40.0,180.0,1,1,0,0,3.6888794541139363,5.19295685089021,4106.0,8.32020459757888
8072,240.0,1.0,1,0,1,253.0,360.0,1,1,2,0,5.53338948872752,5.886104031450156,8312.0,9.025455532779063
7583,0.0,1.0,2,0,1,187.0,360.0,1,1,2,0,5.231108616854587,5.886104031450156,7583.0,8.933664178700935
4583,0.0,0.0,0,0,0,133.0,360.0,0,0,1,1,4.890349128221754,5.886104031450156,4583.0,8.430109084509125
